<?xml version="1.0" encoding="UTF-8"?>
 <!DOCTYPE window
     PUBLIC "http://www.w3.org/2001/XMLSchema"
         "http://xbmc.org/xbmc.xsd">



<window type="dialog">
    <controls>
        <control type="group">
            <posx>590</posx>
            <posy>200</posy>
            <control type="label">
                <posx>-30</posx>
                <posy>0</posy>
                <align>left</align>
                <aligny>top</aligny>
                <label>Sign in to start listening</label>
                <font>rhapsody_font45caps_title</font>
                <textcolor>DD171717</textcolor>
                        <!-- darkgrey -->
            </control>
            <control type="label">
                <posx>0</posx>
                <posy>80</posy>
                <label>Username (usually your email address)</label>
                <align>left</align>
                <aligny>top</aligny>
                <font>rhapsody_font16</font>
                <textcolor>DD171717</textcolor>
                        <!-- darkgrey -->
            </control>
            <control type="image">
                <width>420</width>
                <height>40</height>
                <posx>0</posx>
                <posy>120</posy>
                <texture>white.png</texture>
            </control>
            <control type="label">
                <posx>0</posx>
                <posy>170</posy>
                <label>Password</label>
                <align>left</align>
                <aligny>top</aligny>
                <font>rhapsody_font16</font>
                <textcolor>DD171717</textcolor>
                        <!-- darkgrey -->
            </control>
            <control type="image">
                <width>420</width>
                <height>40</height>
                <posx>0</posx>
                <posy>210</posy>
                <texture>white.png</texture>
            </control>
            <control type="image">
                <posx>290</posx>
                <posy>280</posy>
                <width>130</width>
                <height>50</height>
                <texture>white.png</texture>
            </control>
            <control type="image" id="10">
                <description>Highlight for username</description>
                <width>422</width>
                <height>42</height>
                <posx>-1</posx>
                <posy>119</posy>
                <texture border="8">selectoutline.png</texture>
            </control>
            <control type="image" id="11">
                <description>Highlight for password</description>
                <width>422</width>
                <height>42</height>
                <posx>-1</posx>
                <posy>209</posy>
                <texture border="8">selectoutline.png</texture>
            </control>
            <control type="button" id="22">
                <posx>310</posx>
                <posy>280</posy>
                <width>130</width>
                <height>50</height>
                <label>Sign In</label>
                <font>rhapsody_font24_title</font>
                <textcolor>DD171717</textcolor>
                <focusedcolor>DD171717</focusedcolor>
                <texturefocus>none.jpg</texturefocus>
            </control>
            <control type="image" id="12">
                <description>Highlight for submit button</description>
                <visible>Control.HasFocus(22)</visible>
                <posx>288</posx>
                <posy>278</posy>
                <width>134</width>
                <height>54</height>
                <texture border="8">selectoutline.png</texture>
            </control>
        </control>
    </controls>
</window>
