<?xml version="1.0" encoding="UTF-8"?>
 <!DOCTYPE window
     PUBLIC "http://www.w3.org/2001/XMLSchema"
         "http://xbmc.org/xbmc.xsd">

<window>
    <!--defaultcontrol>201</defaultcontrol-->
    <!--onload>RunScript(special://skin/scripts/login.py)</onload-->
    <allowoverlay>no</allowoverlay>

    <controls>
        <control type="image">
            <posx>0</posx>
            <posy>0</posy>
            <width>1280</width>
            <height>720</height>
            <texture>background/background.png</texture>
        </control>
        <control type="image">
            <animation type="WindowOpen">
                <effect type="fade" start="0" end="100" time="2000" delay="1000"/>
            </animation>
            <posx>240</posx>
            <posy>160</posy>
            <texture>combinedlogo.png</texture>
            <width>800</width>
            <height>325</height>
            
        </control>
        <control type="image">
            <posx>0</posx>
            <posy>0</posy>
            <width>1280</width>
            <height>720</height>
            <texture>haze2-50.png</texture>
        </control>
        <control type="label" id="10">
            <animation type="WindowOpen">
                <effect type="fade" start="0" end="100" time="500"/>
            </animation>
            <posx>350</posx>
            <posy>575</posy>
            <width>600</width>
            <align>center</align>
            <visible>true</visible>
            <label>-</label>
            <align>left</align>
            <aligny>top</aligny>
            <font>rhapsody_font35_title</font>
            <textcolor>DD171717</textcolor>
            <!-- darkgrey -->
        </control>
    </controls>
</window>