<?xml version="1.0" encoding="UTF-8"?>
 <!DOCTYPE window
     PUBLIC "http://www.w3.org/2001/XMLSchema"
         "http://xbmc.org/xbmc.xsd">

<window>
    <!--defaultcontrol>201</defaultcontrol-->
    <!--onload>RunScript(special://skin/scripts/login.py)</onload-->
    <allowoverlay>no</allowoverlay>

    <controls>
        <control type="image">
            <posx>0</posx>
            <posy>0</posy>
            <width>1280</width>
            <height>720</height>
            <texture>background/background.png</texture>
        </control>


        <control type="group">
            <posx>0</posx>
            <control type="image">
                <posx>80</posx>
                <posy>260</posy>
                <height>163</height>
                <width>400</width>
                <texture>combinedlogo.png</texture>
            </control>
            <control type="group">
                <posx>590</posx>
                <posy>200</posy>
                <control type="label" id="10">
                    <posx>-100</posx>
                    <posy>370</posy>
                    <visible>true</visible>
                    <label>-</label>
                    <align>left</align>
                    <aligny>top</aligny>
                    <font>rhapsody_font30</font>
                    <textcolor>DD171717</textcolor>
                            <!-- darkgrey -->
                </control>
            </control>
        </control>
        <control type="image">
            <posx>0</posx>
            <posy>0</posy>
            <width>1280</width>
            <height>720</height>
            <texture>haze2-50.png</texture>
        </control>
    </controls>
</window>