<fonts>
	<fontset id="Default" idloc="31390" unicode="true"> 
	
		<!-- Normal Fonts (rhapsody)-->
		<font>
			<name>rhapsody_font8</name>
			<filename>segoeuisl.ttf</filename>
			<size>10</size>
		</font>
		<font>
			<name>rhapsody_font9</name>
			<filename>segoeuisl.ttf</filename>
			<size>12</size>
		</font>
		<font>
			<name>rhapsody_font10</name>
			<filename>segoeuisl.ttf</filename>
			<size>14</size>
		</font>
	 	<font>
			<name>rhapsody_font12</name>
			<filename>segoeuisl.ttf</filename>
			<size>17</size>
		</font>
	 	<font>
			<name>rhapsody_font13</name>
			<filename>segoeuisl.ttf</filename>
			<size>20</size>
		</font>
	 	<font>
			<name>rhapsody_font14</name>
			<filename>segoeuisl.ttf</filename>
			<size>22</size>
		</font>
	 	<font>
			<name>rhapsody_font16</name>
			<filename>segoeuisl.ttf</filename>
			<size>25</size>
		</font>
	 	<font>
			<name>rhapsody_font30</name>
			<filename>segoeuisl.ttf</filename>
			<size>30</size>
		</font>
	 	<font>
			<name>rhapsody_fontContextMenu</name>
			<filename>segoeuisl.ttf</filename>
			<size>18</size>
		</font>


	<!-- Title Fonts -->
	 	<font>
			<name>rhapsody_font10_title</name>
			<filename>seguisb.ttf</filename>
			<size>12</size>
		</font>
	 	<font>
			<name>rhapsody_font12_title</name>
			<filename>seguisb.ttf</filename>
			<size>17</size>
		</font>
	 	<font>
			<name>rhapsody_font13_title</name>
			<filename>seguisb.ttf</filename>
			<size>20</size>
		</font>
	 	<font>
			<name>rhapsody_font24_title</name>
			<filename>seguisb.ttf</filename>
			<size>24</size>
		</font>
	 	<font>
			<name>rhapsody_font28_title</name>
			<filename>seguisb.ttf</filename>
			<size>28</size>
		</font>
	 	<font>
			<name>rhapsody_font30_title</name>
			<filename>seguisb.ttf</filename>
			<size>30</size>
		</font>
	 	<font>
			<name>rhapsody_font35_title</name>
			<filename>seguisb.ttf</filename>
			<size>35</size>
		</font>
	 	<font>
			<name>rhapsody_font45caps_title</name>
			<filename>seguisb.ttf</filename>
			<size>45</size>
		</font>
	 	<font>
			<name>rhapsody_WeatherTemp</name>
			<filename>seguisb.ttf</filename>
			<size>80</size>
		</font>
		
		<font>
			<name>rhapsody_symbol72</name>
			<filename>RhapsodySymbol.ttf</filename>
			<size>72</size>
		</font>
		<font>
			<name>rhapsody_symbol96</name>
			<filename>RhapsodySymbol.ttf</filename>
			<size>96</size>
		</font>
		<font>
			<name>rhapsody_symbol144</name>
			<filename>RhapsodySymbol.ttf</filename>
			<size>144</size>
		</font>
	
	
	<!-- Normal Fonts -->
	 	<font>
			<name>font10</name>
			<filename>Roboto-Regular.ttf</filename>
			<size>14</size>
		</font>
	 	<font>
			<name>font12</name>
			<filename>Roboto-Regular.ttf</filename>
			<size>17</size>
		</font>
	 	<font>
			<name>font13</name>
			<filename>Roboto-Regular.ttf</filename>
			<size>20</size>
		</font>
	 	<font>
			<name>font14</name>
			<filename>Roboto-Regular.ttf</filename>
			<size>22</size>
		</font>
	 	<font>
			<name>font16</name>
			<filename>Roboto-Regular.ttf</filename>
			<size>25</size>
		</font>
	 	<font>
			<name>font30</name>
			<filename>Roboto-Regular.ttf</filename>
			<size>30</size>
		</font>
	 	<font>
			<name>fontContextMenu</name>
			<filename>Roboto-Regular.ttf</filename>
			<size>18</size>
		</font>


	<!-- Title Fonts -->
	 	<font>
			<name>font10_title</name>
			<filename>Roboto-Bold.ttf</filename>
			<size>12</size>
		</font>
	 	<font>
			<name>font12_title</name>
			<filename>Roboto-Bold.ttf</filename>
			<size>17</size>
		</font>
	 	<font>
			<name>font13_title</name>
			<filename>Roboto-Bold.ttf</filename>
			<size>20</size>
		</font>
	 	<font>
			<name>font24_title</name>
			<filename>Roboto-Bold.ttf</filename>
			<size>24</size>
		</font>
	 	<font>
			<name>font28_title</name>
			<filename>Roboto-Bold.ttf</filename>
			<size>28</size>
		</font>
	 	<font>
			<name>font30_title</name>
			<filename>Roboto-Bold.ttf</filename>
			<size>30</size>
		</font>
	 	<font>
			<name>font35_title</name>
			<filename>Roboto-Bold.ttf</filename>
			<size>35</size>
		</font>
	 	<font>
			<name>font45caps_title</name>
			<filename>Roboto-Bold.ttf</filename>
			<size>45</size>
		</font>

	 	<font>
			<name>font_MainMenu</name>
			<filename>DejaVuSans-Bold-Caps.ttf</filename>
			<size>35</size>
		</font>
	 	<font>
			<name>WeatherTemp</name>
			<filename>Roboto-Bold.ttf</filename>
			<size>80</size>
		</font>
	</fontset>

	<fontset id="DefaultNoCaps" idloc="31391" unicode="true"> 
	<!-- Normal Fonts -->
	 	<font>
			<name>font10</name>
			<filename>Roboto-Regular.ttf</filename>
			<size>14</size>
		</font>
	 	<font>
			<name>font12</name>
			<filename>Roboto-Regular.ttf</filename>
			<size>17</size>
		</font>
	 	<font>
			<name>font13</name>
			<filename>Roboto-Regular.ttf</filename>
			<size>20</size>
		</font>
	 	<font>
			<name>font14</name>
			<filename>Roboto-Regular.ttf</filename>
			<size>22</size>
		</font>
	 	<font>
			<name>font16</name>
			<filename>Roboto-Regular.ttf</filename>
			<size>25</size>
		</font>
	 	<font>
			<name>font30</name>
			<filename>Roboto-Regular.ttf</filename>
			<size>30</size>
		</font>
	 	<font>
			<name>fontContextMenu</name>
			<filename>Roboto-Regular.ttf</filename>
			<size>18</size>
		</font>


	<!-- Title Fonts -->
	 	<font>
			<name>font10_title</name>
			<filename>Roboto-Bold.ttf</filename>
			<size>12</size>
		</font>
	 	<font>
			<name>font12_title</name>
			<filename>Roboto-Bold.ttf</filename>
			<size>17</size>
		</font>
	 	<font>
			<name>font13_title</name>
			<filename>Roboto-Bold.ttf</filename>
			<size>20</size>
		</font>
	 	<font>
			<name>font24_title</name>
			<filename>Roboto-Bold.ttf</filename>
			<size>24</size>
		</font>
	 	<font>
			<name>font28_title</name>
			<filename>Roboto-Bold.ttf</filename>
			<size>28</size>
		</font>
	 	<font>
			<name>font30_title</name>
			<filename>Roboto-Bold.ttf</filename>
			<size>30</size>
		</font>
	 	<font>
			<name>font35_title</name>
			<filename>Roboto-Bold.ttf</filename>
			<size>35</size>
		</font>
	 	<font>
			<name>font45caps_title</name>
			<filename>Roboto-Bold.ttf</filename>
			<size>45</size>
		</font>

	 	<font>
			<name>font_MainMenu</name>
			<filename>Roboto-Bold.ttf</filename>
			<size>40</size>
		</font>
	 	<font>
			<name>WeatherTemp</name>
			<filename>Roboto-Bold.ttf</filename>
			<size>80</size>
		</font>
	</fontset>

	<fontset id="Arial" idloc="31392" unicode="true"> 
	<!-- Arial Font better for non English -->
	 	<font>
			<name>font10</name>
			<filename>arial.ttf</filename>
			<size>12</size>
		</font>
	 	<font>
			<name>font12</name>
			<filename>arial.ttf</filename>
			<size>15</size>
		</font>
	 	<font>
			<name>font13</name>
			<filename>arial.ttf</filename>
			<size>18</size>
		</font>
	 	<font>
			<name>font14</name>
			<filename>arial.ttf</filename>
			<size>20</size>
		</font>
	 	<font>
			<name>font16</name>
			<filename>arial.ttf</filename>
			<size>23</size>
		</font>
	 	<font>
			<name>font30</name>
			<filename>arial.ttf</filename>
			<size>28</size>
		</font>
	 	<font>
			<name>fontContextMenu</name>
			<filename>arial.ttf</filename>
			<size>16</size>
		</font>


	<!-- Title Fonts -->
	 	<font>
			<name>font10_title</name>
			<filename>arial.ttf</filename>
			<size>10</size>
			<style>bold</style>
		</font>
	 	<font>
			<name>font12_title</name>
			<filename>arial.ttf</filename>
			<size>15</size>
			<style>bold</style>
		</font>
	 	<font>
			<name>font13_title</name>
			<filename>arial.ttf</filename>
			<size>18</size>
			<style>bold</style>
		</font>
	 	<font>
			<name>font24_title</name>
			<filename>arial.ttf</filename>
			<size>22</size>
			<style>bold</style>
		</font>
	 	<font>
			<name>font28_title</name>
			<filename>arial.ttf</filename>
			<size>26</size>
			<style>bold</style>
		</font>
	 	<font>
			<name>font30_title</name>
			<filename>arial.ttf</filename>
			<size>28</size>
			<style>bold</style>
		</font>
	 	<font>
			<name>font35_title</name>
			<filename>arial.ttf</filename>
			<size>33</size>
			<style>bold</style>
		</font>
	 	<font>
			<name>font45caps_title</name>
			<filename>arial.ttf</filename>
			<size>43</size>
			<style>bold</style>
		</font>

	 	<font>
			<name>font_MainMenu</name>
			<filename>arial.ttf</filename>
			<size>35</size>
			<style>bold</style>
		</font>
	 	<font>
			<name>WeatherTemp</name>
			<filename>arial.ttf</filename>
			<size>80</size>
			<style>bold</style>
		</font>
	</fontset>
</fonts>
